,Nb,Ta,W,YS 25C PRIOR,HV 25C PRIOR,HV 25C PRIOR*,YS T C PRIOR,HV T C PRIOR,YS T-273C PRIOR,HV T-273C PRIOR,YS 25-273C PRIOR,HV 25-273C PRIOR
0,0,0.05,0.95,336.622388,252.9741169,277.3792935,68.49575249,170.953121,94.80946633,179.0025899,503.2368214,303.9421295
1,0,0.1,0.9,535.0129895,313.6625847,325.9300678,139.7018732,192.7353543,183.7696505,206.2158613,750.9980267,379.7332599
2,0,0.15,0.85,672.0398932,355.5796553,359.4637243,194.8911134,209.6179607,250.9349912,226.762004,918.6790693,431.0275525
3,0,0.2,0.8,766.7083722,384.5391166,382.6312933,234.4269461,221.7121279,298.5963757,241.3418096,1034.178276,466.3592157
4,0,0.25,0.75,828.6544419,403.4886638,397.790931,259.9790587,229.52862,329.4056619,250.7664919,1110.486554,489.7022189
5,0,0.3,0.7,863.9731658,414.2928008,406.4342406,273.3329534,233.6136291,345.7356392,255.7618964,1155.37817,503.4347415
6,0,0.35,0.65,877.0004002,418.2778832,409.6223066,276.1895021,234.4874586,349.6749294,256.9669408,1174.153389,509.178155
7,0,0.4,0.6,871.0550457,416.4591758,408.1673407,270.1363871,232.6357868,343.0854428,254.9511908,1170.725532,508.1295602
8,0,0.45,0.55,848.8076268,409.6536026,402.7228821,256.6581515,228.5127413,327.6563429,250.2313683,1148.139496,501.2204025
9,0,0.5,0.5,812.4858663,398.5426327,393.8341062,237.154785,222.5465846,304.9477756,243.2847279,1108.849577,489.2014614
10,0,0.55,0.45,763.9992042,383.7103714,381.9682971,212.9612388,215.1456833,276.4263974,234.5599258,1054.879241,472.6917224
11,0,0.6,0.4,705.0187611,365.6680211,367.5344169,185.366211,206.7042554,243.4956569,224.4862823,987.9148897,452.2070632
12,0,0.65,0.35,637.0304057,344.8701149,350.896092,155.6303579,197.6079406,207.5236127,213.482292,909.3563809,428.1757054
13,0,0.7,0.3,561.369432,321.7251245,332.3800996,125.0048407,188.239474,169.8711497,201.964255,820.3310988,400.9425203
14,0,0.75,0.25,479.2395084,296.6012568,312.2810054,94.75186864,178.9849705,131.9244102,190.3561977,721.6642107,370.7599298
15,0,0.8,0.2,391.712123,269.8262842,290.8610273,66.17053131,170.2418266,95.13828996,179.1031783,613.7731021,337.755614
16,0,0.85,0.15,299.6894,241.6761701,268.3409361,40.63584405,162.430665,61.10703567,168.6928833,496.3866126,301.8466236
17,0,0.9,0.1,203.7713052,212.3344464,244.8675571,19.67456553,156.0185272,31.71020663,159.7002773,367.735811,262.4918357
18,0,0.95,0.05,103.7895087,181.7496203,220.3996962,5.167365484,151.5807175,9.534446681,152.9166249,221.4062692,217.7290515
19,0.35,0.4,0.25,428.3668982,281.0391246,299.8312997,73.46512527,172.4732717,105.3006205,182.2118754,668.6488513,354.5423222
20,0.35,0.45,0.2,346.35737,255.9520863,279.761669,49.6374989,165.1843068,73.80431086,172.5770299,565.7180423,323.0553816
21,0.35,0.5,0.15,261.4265014,229.9713984,258.9771187,29.16780572,158.9225469,45.64325839,163.9624529,454.8673014,289.1457025
22,0.35,0.55,0.1,174.5260203,203.3881983,237.7105587,13.23997807,154.0501615,22.41642035,156.8572714,334.7367215,252.397284
23,0.35,0.6,0.05,86.26563281,176.3889975,216.111198,3.095234959,150.9468446,6.106142527,151.8678931,199.8946868,211.1485735
24,0.4,0.05,0.55,781.8494448,389.1708305,386.3366644,215.8736994,216.0366165,280.7515568,235.8830091,1082.122053,481.0254063
25,0.4,0.1,0.5,743.4504073,377.4244134,376.9395307,196.6402106,210.1530164,257.9907036,228.9203743,1040.199551,468.2011474
26,0.4,0.15,0.45,694.2390182,362.3704552,364.8963642,173.7833951,203.1610263,230.581399,220.5357599,984.951429,451.3005289
27,0.4,0.2,0.4,635.8622052,344.5127578,350.6102062,148.5319702,195.4365158,199.8803289,211.1441814,918.0278097,430.8283297
28,0.4,0.25,0.35,569.8140997,324.3083817,334.4467053,122.0811202,187.3450964,167.2106612,201.1504011,840.8275853,407.2124764
29,0.4,0.3,0.3,497.472429,302.1787791,316.7430233,95.60186453,179.2449876,133.8822212,190.9550998,754.5142066,380.8088732
30,0.4,0.35,0.25,420.124446,278.5177259,297.8141807,70.24826977,171.4892229,101.21221,180.9612144,659.9941297,351.8948087
31,0.4,0.4,0.2,338.9822321,253.6960025,277.956802,47.16220193,164.4271037,70.54941216,171.5813436,557.8306293,320.6425908
32,0.4,0.45,0.15,255.1809072,228.0608465,257.4486772,27.47580595,158.4049575,43.30901718,163.2483993,448.0078,287.0473539
33,0.4,0.5,0.1,169.7365885,201.9230922,236.5384738,12.31455985,153.7670725,21.04048252,156.4363666,329.2409758,250.7161137
34,0.4,0.55,0.05,83.39478539,175.5107939,215.4086352,2.813369541,150.8606208,5.620379501,151.7192963,196.2738447,210.0409436
35,0.45,0.05,0.5,733.588428,374.407595,374.526076,191.1146029,208.4627112,251.5179016,226.9403186,1030.335356,465.1836512
36,0.45,0.1,0.45,684.2709657,359.3211887,362.4569509,168.4588133,201.5322158,224.2780192,218.6075311,974.9014687,448.2262064
37,0.45,0.15,0.4,625.9664705,341.4856135,348.1884908,143.5440769,193.9106996,193.8980721,209.3141854,907.9668504,427.7506425
38,0.45,0.2,0.35,560.1733812,321.3592478,332.0873983,117.5573077,185.9612443,161.6963863,199.4635626,830.9332489,404.1857598
39,0.45,0.25,0.3,488.2790072,299.3664751,314.4931801,91.65871813,178.0387636,128.9767049,189.454483,744.9725956,377.8900568
40,0.45,0.3,0.25,411.5867715,275.9060176,295.7248141,66.98691042,170.4915602,97.04699891,179.6870599,651.0070015,349.1456107
41,0.45,0.35,0.2,331.3341961,251.3564381,276.0851505,44.66028169,163.6617564,67.24046884,170.5691248,549.6258964,318.1327306
42,0.45,0.4,0.15,248.6967662,226.0773222,255.8618577,25.77382842,157.8843158,40.9444384,162.5250653,440.857393,284.8600162
43,0.45,0.45,0.1,164.759745,200.4006562,235.3205249,11.39147757,153.4846979,19.65564199,156.0127384,323.4978222,248.9592604
44,0.45,0.5,0.05,80.4124989,174.5985007,214.6788006,2.537287044,150.7761661,5.138522954,151.5718944,192.4781584,208.8798282
45,0.5,0.05,0.45,673.9683113,356.169566,359.9356528,163.0299106,199.871493,217.8310443,216.635376,964.4972139,445.0435038
46,0.5,0.1,0.4,615.7326856,338.3550583,345.6840466,138.4632362,192.3564504,187.7831405,207.4436037,897.5439484,424.5622357
47,0.5,0.15,0.35,550.1953805,318.3069381,329.6455504,112.9545693,184.5532485,156.063898,197.7405622,820.6726506,401.0470023
48,0.5,0.2,0.3,478.7545763,296.4529141,312.1623313,87.65306572,176.8134187,123.9710579,187.9232358,735.064899,374.8592533
49,0.5,0.25,0.25,402.731623,273.1971927,293.5577542,63.6812522,169.4803463,92.80314869,178.3888494,641.6601146,346.2863611
50,0.5,0.3,0.2,323.3919337,248.9268687,274.1414949,42.1328627,162.888609,63.87702412,169.5402337,541.0763235,315.5173825
51,0.5,0.35,0.15,241.9548876,224.0149549,254.2119639,24.0636432,157.3611634,38.55036734,161.7927095,433.3894611,282.5755464
52,0.5,0.4,0.1,159.580248,198.8162276,234.0529821,10.4725467,153.2035934,18.2635583,155.5868946,317.4833702,247.1194158
53,0.5,0.45,0.05,77.31019813,173.6494947,213.9195957,2.267938679,150.6937714,4.66189725,151.4260928,188.4899092,207.659807
54,0.55,0.05,0.4,605.1374451,335.1139324,343.0911459,133.2869991,190.773019,181.5303691,205.5308562,886.7324307,421.2549497
55,0.55,0.1,0.35,539.8556813,315.1439833,327.1151866,108.2712942,183.1206161,150.3088926,195.9800834,810.0173689,397.7875096
56,0.55,0.15,0.3,468.874112,293.4304411,309.7443529,83.58429202,175.5687648,118.862121,186.3603919,724.7611784,371.7073045
57,0.55,0.2,0.25,393.5339818,270.383598,291.3068784,60.33175502,168.4557219,88.47889413,177.0660429,631.9224257,343.3075637
58,0.55,0.25,0.2,315.1313577,246.3999259,272.1199407,39.58140857,162.1081091,60.45884624,168.4945996,532.1504673,312.7869279
59,0.55,0.3,0.15,234.933512,221.8670884,252.4936707,22.34738865,156.8361544,36.12799585,161.0516965,425.5733622,280.1845709
60,0.55,0.35,0.1,154.1807756,197.1645077,232.7316062,9.559878031,152.9244044,16.86625864,155.1594551,311.1698867,245.1880963
61,0.55,0.4,0.05,74.07818575,172.6608093,213.1286475,2.006379309,150.6137593,4.192024503,151.2823568,184.2883318,206.3745279
62,0.6,0.05,0.35,529.126963,311.862026,324.4896208,103.5059626,181.6628824,144.4268866,194.1807545,798.9353748,394.3974839
63,0.6,0.1,0.3,458.609483,290.2904506,307.2323605,79.45198976,174.3046772,113.6466951,184.7649725,714.0274953,368.4238285
64,0.6,0.15,0.25,383.9655866,267.4565881,288.9652705,56.93920637,167.4179279,84.07259934,175.7181399,621.7585117,340.1983823
65,0.6,0.2,0.2,306.525128,243.7672463,270.013797,37.00780594,161.3208339,56.98600963,167.4322452,522.8121836,309.9303101
66,0.6,0.25,0.15,227.6078339,219.6261346,250.7009076,20.62765331,156.3100805,33.6789595,160.3025266,417.3735816,277.6762256
67,0.6,0.3,0.1,148.5415333,195.4394412,231.351553,8.655934493,152.6478845,15.46622506,154.7311793,304.5249275,243.155377
68,0.6,0.35,0.05,70.70544695,171.6290752,212.3032602,1.753779547,150.5364881,3.730659959,151.1412236,179.8488744,205.0164804
69,0.65,0.05,0.3,447.9289176,287.0232235,304.6185788,75.25603236,173.0211173,108.3215857,183.1360005,702.8251716,364.9969935
70,0.65,0.1,0.25,373.994351,264.4063478,286.5250782,53.50481452,166.3673339,79.58283355,174.3447028,611.1277099,336.9463781
71,0.65,0.15,0.2,297.5420406,241.0192844,267.8154275,34.41447125,160.5275226,53.45900233,166.3533198,513.0196448,306.9347338
72,0.65,0.2,0.15,219.9494084,217.283392,248.8267136,18.90757851,155.7839029,31.20546397,159.5458746,408.7486424,275.0378227
73,0.65,0.25,0.1,142.6397645,193.6340668,229.9072535,7.763600304,152.374916,14.06650552,154.3029995,297.5102051,241.0095458
74,0.65,0.3,0.05,67.1794123,170.5504473,211.4403579,1.511438355,150.462355,3.279834201,151.0033142,175.1422144,203.5766945
75,0.7,0.05,0.25,363.5836427,261.2216711,283.9773369,50.03032892,165.304475,75.00847472,172.9453884,599.9830363,333.5371784
76,0.7,0.1,0.2,288.1462646,238.1450794,265.5160635,31.80448742,159.7291182,49.8788693,165.2581429,502.7240852,303.7852815
77,0.7,0.15,0.15,211.925404,214.8288174,246.8630539,17.19098812,155.2587911,28.71045087,158.7826402,399.6496909,272.2544175
78,0.7,0.2,0.1,136.4491342,191.7403286,228.3922629,6.886265564,152.1065358,12.67085624,153.8760649,290.0800895,238.7366441
79,0.7,0.25,0.05,63.48566957,169.4205168,210.5364135,1.280795377,150.3918004,2.841903249,150.8693494,170.1329288,202.0443343
80,0.75,0.05,0.2,278.2963796,235.1319607,263.1055686,29.18178004,158.9268217,46.24740484,164.1472636,491.8681747,300.4644156
81,0.75,0.1,0.15,203.4976511,212.2507345,244.8005876,15.48255329,154.7361741,26.19781705,158.0140156,390.0186289,269.3082377
82,0.75,0.15,0.1,129.938943,189.7488354,226.7990683,6.02792965,151.8439675,11.28392567,153.4517974,282.1795874,236.3198493
83,0.75,0.2,0.05,59.60761407,168.2342044,209.5873635,1.063441537,150.325311,2.419607426,150.7401675,164.7776552,200.406135
84,0.8,0.05,0.15,194.6214169,209.5354594,242.6283676,13.78800345,154.2178047,23.67270775,157.2415747,379.7856071,266.1779159
85,0.8,0.1,0.1,123.0731149,187.6485515,225.1188412,5.193327449,151.5886594,9.911493793,153.0319651,273.7415634,233.7386245
86,0.8,0.15,0.05,55.52602776,166.985631,208.5885048,0.861125225,150.2634216,2.016139205,150.6167449,159.0224909,198.6456075
87,0.85,0.05,0.1,115.8088776,185.4263926,223.3411141,4.38808253,151.3423318,8.560786084,152.6187782,264.6828238,230.9675203
88,0.85,0.1,0.05,51.21858305,165.6679667,207.5343733,0.675749265,150.2067144,1.635218493,150.5002198,152.7992037,196.7418794
89,0.9,0.05,0.05,46.65928661,164.2732599,206.4186079,0.509350082,150.1558122,1.281169763,150.3919149,146.0195256,194.6679491
90,0.05,0,0.95,340.8265872,254.260198,278.4081584,69.48009741,171.254236,96.13551239,179.4082326,509.2830838,305.7917051
91,0.1,0,0.9,536.2774122,314.0493766,326.2395013,138.7930637,192.4573459,182.9057653,205.9515954,754.4643226,380.7936135
92,0.15,0,0.85,666.7076018,353.9484863,358.1587891,189.7673776,208.0505897,245.2713579,225.0294763,915.6985409,430.1157971
93,0.2,0,0.8,752.2654802,380.120979,379.0967832,223.4722286,218.3610366,286.3241159,237.5876769,1022.11423,462.6687763
94,0.25,0,0.75,803.3191072,395.7384849,391.5907879,242.1527333,224.0754767,309.3338299,244.6264392,1087.459344,482.6581047
95,0.3,0,0.7,826.5258992,402.8375342,397.2700273,248.0918856,225.8922868,317.1957486,247.0314312,1120.07574,492.6355889
96,0.35,0,0.65,826.6980891,402.8902077,397.3121662,243.4411227,224.4696001,312.4678296,245.5851421,1125.73527,494.3668613
97,0.4,0,0.6,807.5859888,397.0437408,392.6349927,230.2103787,220.4222633,297.4523917,240.9918604,1108.770706,489.1773342
98,0.45,0,0.55,772.272379,386.2411682,383.9929346,210.2898926,214.328508,274.2658879,233.8990174,1072.620604,478.1188755
99,0.5,0,0.5,723.3985468,371.2904701,372.0323761,185.4759799,206.7378342,244.8938989,224.9140101,1020.126996,462.0608735
100,0.55,0,0.45,663.3089209,352.9088164,357.3270531,157.4935887,198.1779103,211.2347257,214.6175362,953.7138602,441.7448333
101,0.6,0,0.4,594.1546754,331.7542598,340.4034079,128.0129068,189.1596534,175.1343084,203.5742761,875.5024001,417.8196391
102,0.65,0,0.35,517.9785258,308.4516751,321.76134,98.65719734,180.179626,138.413234,192.3411545,787.3904018,390.8658311
103,0.7,0,0.3,436.796351,283.6177274,301.8941819,70.99666857,171.7181611,102.8836656,181.4725193,691.1098696,361.4132364
104,0.75,0,0.25,352.6913829,257.8896858,281.3117487,46.51819679,164.2301,70.34885152,171.5199913,588.2698058,329.954055
105,0.8,0,0.2,267.9441453,231.9651714,260.5721371,26.55134654,158.1221617,42.56741335,163.0215397,480.3838808,296.9513248
106,0.85,0,0.15,185.2438031,206.6668104,240.3334483,12.11439805,153.7058422,21.14191243,156.4673944,368.8655909,262.8374399
107,0.9,0,0.1,108.0950192,183.0666929,221.4533543,3.618890481,151.1070329,7.240887569,152.2150161,254.898449,227.9744414
108,0.95,0,0.05,41.81793328,162.7922708,205.2338166,0.364043811,150.1113624,0.95898649,150.2933578,138.5662011,192.3879477
109,0.05,0.95,0,3.78E-06,150.0000012,195.0000009,6.37E-25,150,4.34E-21,150,0.208204747,150.0636907
110,0.1,0.9,0,4.23E-05,150.0000129,195.0000104,8.64E-21,150,1.38E-17,150,0.387997097,150.1186898
111,0.15,0.85,0,0.000127068,150.0000389,195.0000311,5.91E-19,150,4.99E-16,150,0.529208983,150.1618871
112,0.2,0.8,0,0.000235289,150.000072,195.0000576,5.99E-18,150,3.57E-15,150,0.637816271,150.1951105
113,0.25,0.75,0,0.00033779,150.0001033,195.0000827,2.25E-17,150,1.10E-14,150,0.717995014,150.2196375
114,0.3,0.7,0,0.000412248,150.0001261,195.0001009,4.52E-17,150,2.00E-14,150,0.772805507,150.2364043
115,0.35,0.65,0,0.000446837,150.0001367,195.0001094,5.75E-17,150,2.46E-14,150,0.804642088,150.2461432
116,0.4,0.6,0,0.000439717,150.0001345,195.0001076,5.03E-17,150,2.21E-14,150,0.815488906,150.2494613
117,0.45,0.55,0,0.000396848,150.0001214,195.0000971,3.15E-17,150,1.49E-14,150,0.80707689,150.246888
118,0.5,0.5,0,0.000329222,150.0001007,195.0000806,1.42E-17,150,7.62E-15,150,0.780990604,150.2389081
119,0.55,0.45,0,0.000250002,150.0000765,195.0000612,4.52E-18,150,2.89E-15,150,0.738750437,150.2259867
120,0.6,0.4,0,0.000171891,150.0000526,195.0000421,9.69E-19,150,7.87E-16,150,0.681885378,150.2085914
121,0.65,0.35,0,0.00010495,150.0000321,195.0000257,1.29E-19,150,1.43E-16,150,0.612007898,150.1872156
122,0.7,0.3,0,5.51E-05,150.0000169,195.0000135,9.26E-21,150,1.54E-17,150,0.530902837,150.1624053
123,0.75,0.25,0,2.36E-05,150.0000072,195.0000058,2.88E-22,150,8.17E-19,150,0.440647051,150.1347957
124,0.8,0.2,0,7.48E-06,150.0000023,195.0000018,2.59E-24,150,1.52E-20,150,0.343789813,150.1051667
125,0.85,0.15,0,1.46E-06,150.0000004,195.0000004,3.09E-27,150,5.14E-23,150,0.243660433,150.0745367
126,0.9,0.1,0,1.14E-07,150,195,7.54E-32,150,6.52E-27,150,0.144992438,150.0443538
127,0.95,0.05,0,7.60E-10,150,195,5.48E-41,150,1.25E-34,150,0.055678259,150.0170322
128,0.05,0.05,0.9,535.7413242,313.8853852,326.1083082,139.2944083,192.6107092,183.393903,206.1009186,752.8339389,380.2948727
129,0.05,0.1,0.85,670.4516136,355.0937943,359.0750354,193.280263,209.1251952,249.1626019,226.2198232,917.8822974,430.7838169
130,0.05,0.15,0.8,763.3886855,383.5236113,381.8188891,231.837976,220.9201517,295.7069708,240.4579293,1031.46149,465.52814
131,0.05,0.2,0.75,823.9911237,402.0621363,396.6497091,256.6179404,228.5004406,325.6365751,249.6135133,1106.294172,488.4197529
132,0.05,0.25,0.7,858.2593868,412.5449333,405.0359466,269.3850667,232.4059549,341.2930187,254.4028812,1150.033278,501.7997178
133,0.05,0.3,0.65,870.4759158,416.2820177,408.0256141,271.8233586,233.1518381,344.7426027,255.4581226,1167.913025,507.269203
134,0.05,0.35,0.6,863.9265525,414.2785416,406.4228333,265.507075,231.219662,337.8309359,253.3438164,1163.806786,506.0130884
135,0.05,0.4,0.55,841.2603677,407.3448662,400.875893,251.9099086,227.0602351,322.2349613,248.5729463,1140.73383,498.9549802
136,0.05,0.45,0.5,804.6910404,396.1581647,391.9265318,232.4227574,221.0990387,299.5053926,241.6198815,1101.131673,486.8405241
137,0.05,0.5,0.45,756.1192145,381.2998515,380.0398812,208.3725184,213.7419756,271.1013147,232.930962,1047.013068,470.2854291
138,0.05,0.55,0.4,697.2113468,363.2797023,365.6237618,181.040177,205.3809046,238.4197099,222.9335301,980.0583628,449.8037206
139,0.05,0.6,0.35,629.4523023,342.5519432,349.0415545,151.6782446,196.3989736,202.8225412,212.0442157,901.6654023,425.8230047
140,0.05,0.65,0.3,554.1800658,319.525869,330.6206952,121.5283228,187.1759935,165.664103,200.6773029,812.9636126,398.6887772
141,0.05,0.7,0.25,472.6053061,294.5718281,310.6574625,91.84024571,178.0942936,128.3222401,189.2542796,714.7849758,368.6555448
142,0.05,0.75,0.2,385.8123894,268.0215324,289.4172259,63.89570073,169.545947,92.23988745,178.2165456,607.5603646,335.8551131
143,0.05,0.8,0.15,294.7258768,240.1578088,267.126247,39.04338933,161.9435269,58.99204553,168.0458995,491.0433503,300.2120986
144,0.05,0.85,0.1,199.9874925,211.1769631,243.9415705,18.76686172,155.7408571,30.42369712,159.306729,363.5135002,261.2002142
145,0.05,0.9,0.05,101.5248759,181.0568602,219.8454881,4.865047506,151.4882372,9.046968058,152.7675032,218.6761631,216.8939012
146,0.1,0.05,0.85,668.6758792,354.5505901,358.6404721,191.5729262,208.6029141,247.2755067,225.6425533,916.8905226,430.4804291
147,0.1,0.1,0.8,759.8790816,382.4500097,380.9600077,229.150566,220.0980624,292.7003296,239.5381859,1028.549469,464.6373413
148,0.1,0.15,0.75,819.1330853,400.5760432,395.4608346,253.1570744,227.441748,321.7480557,248.4239999,1101.902707,487.0763865
149,0.1,0.2,0.7,852.3454659,410.7358415,403.5886732,265.3369917,231.1676328,336.7295223,253.0068897,1144.484182,500.1022275
150,0.1,0.25,0.65,863.7460557,414.2233269,406.3786615,267.357654,231.7857614,339.6890047,253.912207,1161.463099,505.2961453
151,0.1,0.3,0.6,856.5881198,412.0336861,404.6269489,260.7800635,229.7736505,332.4560404,251.6996147,1156.673456,503.8309745
152,0.1,0.35,0.55,833.4996373,404.9708282,398.9766625,247.0672039,225.5788326,316.6955493,246.8784183,1133.109291,496.6226036
153,0.1,0.4,0.5,796.6805754,393.7077318,389.9661855,227.6009995,219.6240439,293.9489943,239.9201573,1093.191675,484.4116472
154,0.1,0.45,0.45,748.0231314,378.8232277,378.0585822,203.7003859,212.3127519,265.6680582,231.2689074,1038.922987,467.8106415
155,0.1,0.5,0.4,689.1895032,360.8257887,363.6606309,176.6386901,204.0344723,233.243409,221.3500792,971.9779042,447.3318765
156,0.1,0.55,0.35,621.6640445,340.1694844,347.1355875,147.6602724,195.16986,198.0310333,210.5784745,893.752722,423.4024846
157,0.1,0.6,0.3,546.7880556,317.2646239,328.8116991,117.9970711,186.0957697,161.3786904,199.3663782,805.3795039,396.3687684
158,0.1,0.65,0.25,465.7800212,292.4839465,308.9871572,88.88628169,177.1906643,124.6558625,188.1327203,707.6978431,366.4875629
159,0.1,0.7,0.2,379.7382905,266.1634416,287.9307533,61.59166865,168.8411345,89.29323567,177.3151532,601.1532183,333.8951417
160,0.1,0.75,0.15,289.6114338,238.5932805,265.8746244,37.43467503,161.4514148,56.84585715,167.389372,485.5256107,298.5242003
161,0.1,0.8,0.1,196.0853635,209.9832865,242.9866292,17.85398914,155.4616057,29.12259925,158.908718,359.1458905,259.8641451
162,0.1,0.85,0.05,99.18810906,180.342034,219.2736272,4.563940946,151.3961275,8.557690733,152.6178314,215.8450111,216.0278407
163,0.15,0.05,0.8,756.1735096,381.3164606,380.0531684,226.3626924,219.2452409,289.5736858,238.5817332,1025.435959,463.6849062
164,0.15,0.1,0.75,814.0734297,399.0282746,394.2226197,249.5941941,226.3518489,317.7369876,247.1969983,1097.304991,485.6699268
165,0.15,0.15,0.7,846.2237271,408.8631775,402.090542,261.1862803,229.8979138,332.0417522,251.5728823,1138.722867,498.3398185
166,0.15,0.2,0.65,856.8024176,412.0992406,404.6793925,262.7898248,230.3884444,334.5105281,252.3280906,1154.794794,503.2562844
167,0.15,0.25,0.6,849.03067,409.7218324,402.7774659,255.9527465,228.2969552,326.9570174,250.0174419,1149.31596,501.5802876
168,0.15,0.3,0.55,825.5157412,402.5285229,397.0228183,242.1274675,224.0677478,311.0343244,245.1466272,1125.255574,494.2201206
169,0.15,0.35,0.5,788.444231,391.1882016,387.9505613,222.6870639,218.1208516,288.2748528,238.184415,1085.018606,481.9114731
170,0.15,0.4,0.45,739.7002605,376.2772286,376.0217829,198.9426079,210.8573288,260.1230636,229.5726716,1030.597417,465.2638168
171,0.15,0.45,0.4,680.9422002,358.3029061,361.6423249,172.1598252,202.6643699,227.9634736,219.7349262,963.6614163,444.78783
172,0.15,0.5,0.35,613.6544244,337.71931,345.175448,143.5749168,193.9201336,193.1462202,209.084191,885.6058493,420.9103241
173,0.15,0.55,0.3,539.1822248,314.9379703,326.9503762,114.4100421,184.9984833,157.0125846,198.0307692,797.5660588,393.9786047
174,0.15,0.6,0.25,458.7527891,290.3342885,307.2674308,85.88946791,176.2739272,120.92361,186.9910095,700.3901139,364.2520997
175,0.15,0.65,0.2,373.4796534,264.2488998,286.3991198,59.25846278,168.1273976,86.29741005,176.3987183,594.5393185,331.8719237
176,0.15,0.7,0.15,284.3371099,236.979844,264.5838752,35.81017686,160.9544744,54.66829245,166.7232464,479.8218958,296.7794114
177,0.15,0.75,0.1,192.0578963,208.7512684,242.0010147,16.93663926,155.1809848,27.80732587,158.5063707,354.6230851,258.4806011
178,0.15,0.8,0.05,96.77518625,179.6039114,218.6831291,4.264529557,151.3045364,8.067163887,152.4677773,212.9058108,215.1287277
179,0.2,0.05,0.75,808.8047551,397.4165663,392.933253,245.9269161,225.2300141,313.6000751,245.9315005,1092.493308,484.198014
180,0.2,0.1,0.7,839.8859211,406.9244176,400.5395341,256.9303567,228.59601,327.2261118,250.0997589,1132.740696,496.5098489
181,0.2,0.15,0.65,849.6359555,409.9069916,402.9255933,258.1171733,228.9590619,329.2033508,250.7046041,1147.898591,501.1467087
182,0.2,0.2,0.6,841.2444115,407.3399852,400.8719881,251.0223815,226.7887371,321.3299033,248.2960854,1141.723935,499.257857
183,0.2,0.25,0.55,817.2982001,400.0147446,395.0117957,237.0879971,222.5261539,305.2472747,243.3763459,1117.161507,491.7441136
184,0.2,0.3,0.5,779.9709131,388.5961802,385.8769442,217.678381,216.5886758,282.4790135,236.4114449,1076.600536,479.3363524
185,0.2,0.35,0.45,731.1389875,373.6583015,373.9266412,194.0968465,209.3749913,254.4625523,227.8410989,1022.023735,462.6410937
186,0.2,0.4,0.4,672.4574294,355.7073813,359.565905,167.6015783,201.2699842,222.5764313,218.0870087,955.0956761,442.1675363
187,0.2,0.45,0.35,605.4112076,335.1976774,343.158142,139.4206076,192.649314,188.165075,207.560439,877.2110888,418.3423337
188,0.2,0.5,0.3,531.35034,312.5421658,325.0337326,110.766186,183.8838134,152.5633453,196.6697294,789.5092907,391.5140076
189,0.2,0.55,0.25,451.5116852,288.1192062,305.495365,82.84933174,175.3439375,117.1237579,185.8286197,692.847768,361.9448663
190,0.2,0.6,0.2,367.0252824,262.2744822,284.8195858,56.89618604,167.4047678,83.25149027,175.4669594,587.7049816,329.7812731
191,0.2,0.65,0.15,278.8930181,235.3144748,263.2515798,34.17047074,160.4528818,52.45923433,166.0474868,473.9194067,294.9738167
192,0.2,0.7,0.1,187.89733,207.4785347,240.9828278,16.01559875,154.8992349,26.47838278,158.0998418,349.934016,257.0461964
193,0.2,0.75,0.05,94.28166854,178.8411345,218.0729076,3.967342837,151.2136258,7.576004221,152.3175296,209.8506893,214.194154
194,0.25,0.05,0.7,833.3231691,404.9168458,398.9334767,252.5665099,227.261092,322.2787907,248.5863538,1126.528347,494.6094668
195,0.25,0.1,0.65,842.2369152,407.643596,401.1148768,253.3368595,227.496745,323.7634202,249.0405079,1140.764196,498.9642692
196,0.25,0.15,0.6,833.2187638,404.8849079,398.9079263,245.9860821,225.2481132,315.5704922,246.5342589,1133.886145,496.8602463
197,0.25,0.2,0.55,808.8356651,397.4260217,392.9408174,231.9459512,220.9531818,299.3301418,241.5662716,1108.814953,489.1908698
198,0.25,0.25,0.5,771.2485786,385.9279837,383.7423869,212.5722539,215.0266913,276.5572793,234.5999631,1067.92447,476.6823095
199,0.25,0.3,0.45,722.3266729,370.9625797,371.7700637,189.1606561,207.8649912,248.6825165,226.0729631,1013.188153,459.9382543
200,0.25,0.35,0.4,663.7220876,353.0352057,357.4281646,162.9618666,199.8506781,217.0786053,216.405202,946.2661945,439.466563
201,0.25,0.4,0.35,596.9210072,332.6004916,341.0803933,135.1957328,191.3569082,183.0844044,206.0062418,868.5533842,415.6939077
202,0.25,0.45,0.3,523.2789769,310.073104,323.0584832,107.0644557,182.7514395,148.0284173,195.282477,781.1937685,388.9702565
203,0.25,0.5,0.25,444.0435856,285.8346851,303.6677481,79.76545069,174.4005661,113.2545293,184.6450074,685.0552771,359.5611126
204,0.25,0.55,0.2,360.3628198,260.2364086,283.1891269,54.50503467,166.6733052,80.15457247,174.5196,580.6349895,327.6185346
205,0.25,0.6,0.15,273.2682168,233.5938259,261.8750607,32.51625229,159.9468499,50.21864487,165.3620816,467.8038432,293.1030417
206,0.25,0.65,0.1,183.5950612,206.1624537,239.929963,15.09176516,154.6166305,25.13638789,157.6893202,345.0662544,255.5571289
207,0.25,0.7,0.05,91.70264305,178.0522004,217.4417603,3.672961634,151.1235735,7.084906472,152.1673008,206.6707563,213.2213999
208,0.3,0.05,0.65,834.5947603,405.3058306,399.2446645,248.4458928,226.000579,318.1864357,247.3344863,1133.380457,496.7055544
209,0.3,0.1,0.6,824.9422729,402.3530966,396.8824773,240.8408096,223.674154,309.674318,244.7305959,1125.790394,494.383724
210,0.3,0.15,0.55,800.1158216,394.7585872,390.8068698,226.6983413,219.3479172,293.2784018,239.7150204,1100.202697,486.5563466
211,0.3,0.2,0.5,762.2641264,383.1796043,381.5436834,207.3658524,213.4340325,270.5051919,232.7486057,1058.97622,473.9450044
212,0.3,0.25,0.45,713.2495304,368.1858459,369.5486768,184.1314811,206.3265467,242.7787027,224.2669632,1004.075571,457.1506795
213,0.3,0.3,0.4,654.7218421,350.2819951,355.2255961,158.2385297,198.4057907,211.4661022,214.6883151,937.1570538,436.6800409
214,0.3,0.35,0.35,588.1691373,329.9232601,338.9386081,130.898645,190.042412,177.9008413,204.4205694,859.6161368,412.9599684
215,0.3,0.4,0.3,514.9533637,307.5262661,321.0210128,103.3038187,181.6010458,143.4051295,193.868195,772.602415,386.3421276
216,0.3,0.45,0.25,436.3340037,283.4762936,301.7810349,76.63747006,173.4437045,109.3141021,183.4396152,676.9953859,357.0955601
217,0.3,0.5,0.2,353.4785827,258.1304933,281.5043947,52.08532059,165.9331051,77.00578529,173.5563736,573.312355,325.3785118
218,0.3,0.55,0.15,267.450557,231.8141808,260.4513446,30.84836037,159.4366352,47.94658805,164.6670505,461.4591649,291.1621795
219,0.3,0.6,0.1,179.1415195,204.8000977,238.8400782,14.16616541,154.3334859,23.78209455,157.2750366,340.0057839,254.009111
220,0.3,0.65,0.05,89.03265588,177.2354408,216.7883526,3.382024511,151.0345746,6.594655809,152.0173312,203.3559242,212.2073797
221,0.35,0.05,0.6,816.4025155,399.7407512,394.7926009,235.5833647,222.0658809,303.636634,242.8836445,1117.423406,491.8242294
222,0.35,0.1,0.55,791.125279,392.0083448,388.6066758,221.3420251,217.7093989,287.0872457,237.8211213,1091.31032,483.8361335
223,0.35,0.15,0.5,753.0032726,380.3466726,379.277338,202.0562082,211.8097914,264.3180131,230.8559232,1049.740258,471.1196875
224,0.35,0.2,0.45,703.8924863,365.3234892,367.2587914,179.0066541,204.7588419,236.7465954,222.4217178,994.6694132,454.2732986
225,0.35,0.25,0.4,645.4409757,347.4429415,352.9543532,153.4293324,196.9346382,205.7347986,212.9350868,927.7507178,433.8026056
226,0.35,0.3,0.35,579.1394428,327.1610409,336.7288327,126.5276703,188.7053136,172.6108382,202.8023366,850.3809915,410.134901
227,0.35,0.35,0.3,506.3571975,304.8966649,318.9173319,99.4832725,180.4323256,138.6906963,192.4260313,763.7162699,383.6238207
